idwine	name	link	thumb	average_rating	ratings	price	tasteKeywords_1	tasteMentions_1	flavorGroup_1	tasteKeywords_2	tasteMentions_2	flavorGroup_2	tasteKeywords_3	tasteMentions_3	flavorGroup_3	tasteKeywords_4	tasteMentions_4	flavorGroup_4	moyenne_price	tasteKeywords_5	tasteMentions_5	flavorGroup_5	tasteKeywords_6	tasteMentions_6	flavorGroup_6	tasteKeywords_7	tasteMentions_7	flavorGroup_7	tasteKeywords_8	tasteMentions_8	flavorGroup_8	tasteKeywords_9	tasteMentions_9	flavorGroup_9	tasteKeywords_10	tasteMentions_10	flavorGroup_10
109088	Medinet Blanc Demi Sec Halbtrocken	https://www.vivino.com/BR/fr/wines/154896818	https://images.vivino.com/thumbs/ACG4xobZTKaNsupzAa00Fg_375x500.jpg	3,2			cerise Bing, cerise	2	fruit rouge	pomme, abricot	2	fruit d'arbre fruitier	abricot sec	1	fruit sec	anis	1	épices																			
103981	Scanivinus GW:s Rosa	https://www.vivino.com/GB/fr/wines/160741030	https://images.vivino.com/thumbs/JtP1AOqQSAKREeNRQVSFlg_375x500.jpg	3,3			framboise, fraise, gros...	15	fruit rouge	abricot, pêche, melon	14	fruit d'arbre fruitier	pamplemousse, agrume, z...	10	agrume				7,1																		
109302	Peter Mertes Charmelieu Classic Dry-Sec	https://www.vivino.com/GB/fr/wines/2434440	https://images.vivino.com/thumbs/Wcy7tn0JTTaJeIjuazgwnQ_pb_300x300.png	2,8			pêche	1	fruit d'arbre fruitier																												
109291	Medinet Merlot	https://www.vivino.com/US-LA/fr/wines/1510809	https://images.vivino.com/thumbs/q6BmCH6hTeucoc9L11Emzg_375x500.jpg	2,9			confiture	1	fruit noir	fraise	1	fruit rouge																									
101068	Cave Geisse Philippe Dumont Champagne Brut Réserve Premier Cru	https://www.vivino.com/US-NY/fr/wines/1673417	https://images.vivino.com/thumbs/0192kckhpactn_375x500.jpg	4,3															51,69																		
108783	Medinet Halbtrocken Rosé	https://www.vivino.com/wines/1564820	https://images.vivino.com/thumbs/g3fr5zY4QKuDcumxbJaIlg_pb_300x300.png	3,4			fraise, framboise	2	fruit rouge	miel	1	Terreux																									
106916	Medinet Halbtrocken Demi Sec Rouge	https://www.vivino.com/US-VA/fr/wines/1827232	https://images.vivino.com/thumbs/BkguH_NfTSC-5hhPAE2k3Q_pb_300x300.png	3,2			cassis, confiture, prun...	14	fruit noir	fraise, fruit rouge, ce...	10	fruit rouge	chêne, vanille, caramel	10	boisé				4,23																		
107720	Blue Nun Merlot	https://www.vivino.com/US-VA/fr/wines/1999602	https://images.vivino.com/thumbs/QFZ0qirQTiu6nYgE8Xm6ZA_pb_300x300.png	3,3			fruit rouge, framboise,...	21	fruit rouge										11,03																		
105953	Jean Biecher Côtes de Saumon Chardonnay - Sauvignon Blanc	https://www.vivino.com/US-VA/fr/wines/141118849	https://images.vivino.com/thumbs/PMBWIo_BSeKhsnRuuvdnzQ_375x500.jpg	3,7			poire, pomme verte, pom...	11	fruit d'arbre fruitier	agrume, pamplemousse, c...	10	agrume							7,68																		
107542	Blue Nun Cabernet Sauvignon	https://www.vivino.com/US-NY/fr/wines/2662505	https://images.vivino.com/thumbs/fOg2BdIlQk-s-82x3K3RMA_pb_300x300.png	3,1			mûre, cassis, cassis	8	fruit noir										13,35																		
109425	Medinet Grenache	https://www.vivino.com/US-NY/fr/wines/1531897	https://images.vivino.com/thumbs/hv7B0CdXQIyOKFsWAbrecw_375x500.jpg	3,4																																	
111330	Medinet Chardonnay - Colombard	https://www.vivino.com/GB/fr/wines/1531962	https://images.vivino.com/thumbs/01u1kr2h0jv42_375x500.jpg	3,4																																	
111204	Peter Mertes Enjoy It Alcohol Free Merlot	https://www.vivino.com/US-VA/fr/wines/162909833	https://images.vivino.com/thumbs/tLvr8GQdS9Orz_C7Ej51QQ_375x500.jpg	3			myrtille	2	fruit noir										7,02																		
111391	Dom Pérignon Brut Champagne	https://www.vivino.com/US-VA/fr/wines/1540082	https://images.vivino.com/thumbs/s5aXYaQiTu-V_xEYI3KXRg_pb_300x300.png	4,6		340,87	brioche, pain grillé, a...	7355	Vieillissement	pomme, poire, pomme ver...	5863	fruit d'arbre fruitier	agrume, citron, pamplem...	5142	agrume	miel, minéraux, fumée	3741	Terreux																			
111394	Moët & Chandon Impérial Brut Champagne	https://www.vivino.com/US-CA/fr/wines/164942645	https://images.vivino.com/thumbs/LP_B9yqMQHSuMyd4SLgUSw_pb_300x300.png	4,1		62,99	pomme verte, poire, pom...	5759	fruit d'arbre fruitier	agrume, citron, citron ...	3846	agrume	pain grillé, brioche, b...	3271	Vieillissement																						
111393	Veuve Clicquot Brut (Carte Jaune) Champagne	https://www.vivino.com/US-NY/fr/wines/164942636	https://images.vivino.com/thumbs/vouoFPUKSd-5y3Pii_UhNg_pb_300x300.png	4,3		75,99	pomme, pomme verte, poi...	6241	fruit d'arbre fruitier	agrume, citron, citron ...	4503	agrume	pain grillé, brioche, b...	3861	Vieillissement																						
111392	Mouton Cadet Bordeaux Rouge	https://www.vivino.com/DE/fr/wines/1474658	https://images.vivino.com/thumbs/9tKfWxg7SKinNtAvrtndgA_pb_300x300.png	3,5		11,99	mûre, cassis, prune	2035	fruit noir	chêne, vanille, tabac	1750	boisé	cerise, fruit rouge, fr...	1226	fruit rouge																						
111395	Château Mouton Rothschild Pauillac (Premier Grand Cru Classé)	https://www.vivino.com/US-NY/fr/wines/3361520	https://images.vivino.com/thumbs/DNeQQKoHQCyq7BakiBm_zQ_pb_300x300.png	4,6		920	tabac, chêne, cèdre	4251	boisé	cuir, Terreux, fumée	3430	Terreux	cassis, mûre, cassis	3093	fruit noir																						
111396	E. Guigal Côtes-du-Rhône Rouge	https://www.vivino.com/US-NY/fr/wines/1470899	https://images.vivino.com/thumbs/I0e3d01sQLumhbrSID4aEg_pb_300x300.png	3,7		19,99	prune, mûre, fruit noir	3941	fruit noir	chêne, vanille, tabac	3275	boisé	Terreux, cuir, fumée	2588	Terreux	cerise, fruit rouge, fr...	2584	fruit rouge																			
111398	La Vieille Ferme Rouge	https://www.vivino.com/US-NY/fr/wines/1714936	https://images.vivino.com/thumbs/5cFxG9cDTo-onCLhWQKs0g_pb_300x300.png	3,5		8,99	cerise, fruit rouge, fr...	1070	fruit rouge	mûre, prune, cassis	538	fruit noir																									
111399	Bollinger Special Cuvée Brut Aÿ Champagne	https://www.vivino.com/CA/fr/wines/164942597	https://images.vivino.com/thumbs/x-fGwQkyQIq38cDR6n2L7w_pb_300x300.png	4,3		107,99	pomme, poire, pomme ver...	4511	fruit d'arbre fruitier	brioche, pain grillé, b...	3726	Vieillissement	agrume, citron, citron ...	2560	agrume																						
111400	Château Lynch-Bages Pauillac (Grand Cru Classé)	https://www.vivino.com/US-NY/fr/wines/1499723	https://images.vivino.com/thumbs/y1_9NqYGQBe_B9BZDHkjYQ_pb_300x300.png	4,4		196,17	tabac, cèdre, chêne	3794	boisé	mûre, cassis, cassis	3650	fruit noir	cuir, Terreux, fumée	3363	Terreux																						
111402	Louis Roederer Cristal Brut Champagne (Millésimé)	https://www.vivino.com/wines/1496773	https://images.vivino.com/thumbs/bXZK_MhMQi-a2xrjEITv2A_pb_300x300.png	4,6			pomme, poire, pomme ver...	2236	fruit d'arbre fruitier	brioche, pain grillé, a...	2193	Vieillissement	agrume, citron, pamplem...	2045	agrume	miel, minéraux, noyau	1446	Terreux	620,59																		
111405	JP. Chenet Original Cabernet - Syrah	https://www.vivino.com/US-NY/fr/wines/1472708	https://images.vivino.com/thumbs/bkp3XW3MSjW5C75rHldRcQ_pb_300x300.png	3,4			cassis, mûre, prune	449	fruit noir	cerise, fraise, fruit r...	443	fruit rouge	chêne, vanille, chocola...	317	boisé				8,99																		
111407	Miraval Côtes de Provence Rosé	https://www.vivino.com/DE/fr/wines/8902172	https://images.vivino.com/thumbs/0cJ57utwTNy-Ufpr-7GApg_pb_300x300.png	4		19,98	fraise, framboise, past...	2416	fruit rouge	pêche, melon, pomme	1613	fruit d'arbre fruitier	agrume, pamplemousse, c...	1305	agrume																						
111404	Louis Jadot Bourgogne Pinot Noir	https://www.vivino.com/US-CA/fr/wines/1471186	https://images.vivino.com/thumbs/YtGIp7cLSRSUpucZV4RMuw_pb_300x300.png	3,6		24,99	cerise, framboise, frai...	3644	fruit rouge																												
111403	Château Margaux Château Margaux (Premier Grand Cru Classé)	https://www.vivino.com/US-NY/fr/wines/1510407	https://images.vivino.com/thumbs/DygMHm5zSi2qXX6I0Hk90A_pb_300x300.png	4,6		589,94	cuir, Terreux, fumée	2358	Terreux	tabac, chêne, cèdre	2290	boisé	cassis, mûre, prune	1884	fruit noir																						
111406	Château Pontet-Canet Pauillac (Grand Cru Classé)	https://www.vivino.com/US-CA/fr/wines/1682569	https://images.vivino.com/thumbs/zoXYIDxFQzmf8fFpkNNUJQ_pb_300x300.png	4,4		169,99	cassis, mûre, cassis	4760	fruit noir	chêne, tabac, cèdre	4194	boisé	cuir, Terreux, graphite	3514	Terreux																						
111401	Château d'Yquem Sauternes	https://www.vivino.com/CA/fr/wines/1517254	https://images.vivino.com/thumbs/oGFWQMz2Rli_2EruVUu7Qg_pb_300x300.png	4,7		399,99	miel, noyau, minéraux	2765	Terreux	abricot, pêche, poire	2501	fruit d'arbre fruitier	caramel, vanille, chêne	1833	boisé	marmelade, orange, agru...	1521	agrume																			
111409	Louis Roederer Brut Premier Champagne	https://www.vivino.com/US-NY/fr/wines/164942778	https://images.vivino.com/thumbs/DlLFmnx3TXm5sOConh-5KA_pb_300x300.png	4,2			pomme, pomme verte, poi...	3043	fruit d'arbre fruitier	brioche, pain grillé, a...	2641	Vieillissement	agrume, citron, citron ...	2369	agrume																						
111408	Château Talbot Saint-Julien (Grand Cru Classé)	https://www.vivino.com/US-VA/fr/wines/1540417	https://images.vivino.com/thumbs/9zhiQv6cR-SfUufc9_CK6w_pb_300x300.png	4,2		94,49	chêne, tabac, cèdre	3173	boisé	cassis, mûre, prune	2653	fruit noir	cuir, Terreux, fumée	2410	Terreux																						
111397	Château d'Esclans Whispering Angel Rosé	https://www.vivino.com/US-VA/fr/wines/1473981	https://images.vivino.com/thumbs/Ki7znlmVT7iu_na3qUqRpw_pb_300x300.png	4,1		26,11	fraise, framboise, past...	4899	fruit rouge	pêche, melon, abricot	3245	fruit d'arbre fruitier	agrume, pamplemousse, c...	2615	agrume																						
111411	Château Giscours Château Giscours (Grand Cru Classé)	https://www.vivino.com/wines/1852703	https://images.vivino.com/thumbs/AOhZNhcaQJe2QTpJGfluhA_pb_300x300.png	4,3			chêne, tabac, cèdre	2819	boisé	mûre, cassis, prune	2597	fruit noir	cuir, Terreux, fumée	2049	Terreux				207,4																		
111410	Cos d'Estournel Cos d'Estournel	https://www.vivino.com/HK/fr/wines/1737056	https://images.vivino.com/thumbs/8EzYHdeCTTu12XZ-_bWAmw_pb_300x300.png	4,4		1,325	tabac, chêne, cèdre	3625	boisé	cuir, Terreux, fumée	3130	Terreux	fruit noir, mûre, cassi...	2992	fruit noir																						
111414	Château de Beaucastel Châteauneuf-du-Pape	https://www.vivino.com/BR/fr/wines/1515717	https://images.vivino.com/thumbs/MvUpIVUSRVazthpnz34JLQ_pb_300x300.png	4,4		1,719	cuir, Terreux, fumée	3403	Terreux	mûre, prune, fruit noir	3142	fruit noir	chêne, tabac, vanille	2265	boisé	cerise, fruit rouge, fr...	2022	fruit rouge																			
111412	Château Haut-Brion Pessac-Léognan (Premier Grand Cru Classé)	https://www.vivino.com/GB/fr/wines/1488311	https://images.vivino.com/thumbs/ntGyei3vSEGl5Bz5-wI-TQ_pb_300x300.png	4,6		737,67	cuir, fumée, Terreux	2788	Terreux	tabac, cèdre, chêne	2673	boisé	fruit noir, mûre, cassi...	1826	fruit noir																						
111415	Château Lafite Rothschild Pauillac (Premier Grand Cru Classé)	https://www.vivino.com/GB/fr/wines/1526555	https://images.vivino.com/thumbs/uDMfPG10R1efm5H1do--Ow_pb_300x300.png	4,6		850																															
111416	Delas Saint-Esprit Côtes-du-Rhône	https://www.vivino.com/wines/1542729	https://images.vivino.com/thumbs/w2UpieGjTZ-NwGH0ZKIkkg_pb_300x300.png	3,7			mûre, prune, fruit noir	1312	fruit noir	cerise, framboise, frui...	1014	fruit rouge	poivre, réglisse, poivr...	846	épices	chêne, vanille, chocola...	735	boisé	13,77																		
111420	Georges Duboeuf Beaujolais-Villages	https://www.vivino.com/HK/fr/wines/1555844	https://images.vivino.com/thumbs/eatvTjb0TLWPWfcW3IMZ2A_pb_300x300.png	3,5		195	fraise, cerise, framboi...	2156	fruit rouge										195																		
111417	Château Pichon Longueville Comtesse de Lalande Pauillac (Grand Cru Classé)	https://www.vivino.com/BR/fr/wines/1491165	https://images.vivino.com/thumbs/qgA_WSpAQKaTOhacMaOI7Q_pb_300x300.png	4,4		2,777	tabac, chêne, cèdre	3352	boisé	cassis, mûre, cassis	2820	fruit noir	cuir, Terreux, fumée	2748	Terreux																						
111413	Château Latour Grand Vin Pauillac (Premier Grand Cru Classé)	https://www.vivino.com/US-NY/fr/wines/2688418	https://images.vivino.com/thumbs/4RHhCzeQTsCeyCScxO0LOw_pb_300x300.png	4,6		949,99	tabac, chêne, cèdre	2449	boisé	cuir, Terreux, fumée	2162	Terreux	cassis, cassis, fruit n...	1882	fruit noir																						
111418	Perrier-Jouët Grand Brut Champagne	https://www.vivino.com/US-VA/fr/wines/164942675	https://images.vivino.com/thumbs/wKcj7cCzR-aryX6BTRP69A_pb_300x300.png	4,2		77,24	pomme, pomme verte, poi...	2672	fruit d'arbre fruitier	agrume, citron, pamplem...	2081	agrume	pain grillé, brioche, a...	1771	Vieillissement																						
111421	Domaine du Vieux Lazaret Châteauneuf-du-Pape	https://www.vivino.com/CA/fr/wines/1786529	https://images.vivino.com/thumbs/f8sesr_4Tmycub47g-gKIg_pb_300x300.png	4,2			chêne, vanille, tabac	1739	boisé	cerise, fruit rouge, fr...	1415	fruit rouge	mûre, prune, fruit noir	1332	fruit noir				38,67																		
111419	Côte des Roses Rosé	https://www.vivino.com/US-NY/fr/wines/17625845	https://images.vivino.com/thumbs/N6mBEVGCSjm3Icmui0zI-g_pb_300x300.png	3,9		19,99	fraise, pastèque, framb...	2585	fruit rouge	pêche, melon, poire	1423	fruit d'arbre fruitier	agrume, pamplemousse, c...	1376	agrume																						
111424	Laurent-Perrier Cuvée Rosé Réserve Brut Champagne	https://www.vivino.com/US-NY/fr/wines/169834670	https://images.vivino.com/thumbs/8DvkkXFcQq-4-ZrX2KGk7Q_375x500.jpg	4,3			framboise, fraise, frai...	7	fruit rouge										89,97																		
111425	Château Léoville Barton Saint-Julien (Grand Cru Classé)	https://www.vivino.com/wines/3502393	https://images.vivino.com/thumbs/CakMPDnYSnuZ6L0fn88EWQ_pb_300x300.png	4,3		3,896	chêne, tabac, cèdre	3681	boisé	cassis, mûre, cassis	3463	fruit noir	cuir, Terreux, fumée	2885	Terreux				3896																		
111422	Château Pichon Baron Pauillac (Grand Cru Classé)	https://www.vivino.com/US-NY/fr/wines/1532285	https://images.vivino.com/thumbs/-VCSqTjKRqSTHfQDPvG3PA_pb_300x300.png	4,4		254,99	tabac, chêne, cèdre	3115	boisé	cassis, mûre, cassis	2683	fruit noir	cuir, Terreux, fumée	2413	Terreux																						
111426	Minuty M Rosé	https://www.vivino.com/US-NY/fr/wines/2191238	https://images.vivino.com/thumbs/4nVbgNkZR3a2FD7VTeQPQw_pb_300x300.png	3,9		24,48	fraise, framboise, past...	1845	fruit rouge	pêche, melon, abricot	1194	fruit d'arbre fruitier	agrume, pamplemousse, c...	1066	agrume																						
111423	Taittinger Brut (Réserve) Champagne	https://www.vivino.com/US-NY/fr/wines/164942648	https://images.vivino.com/thumbs/q3U5IBiXRUWl9WU-i-nxIA_pb_300x300.png	4,2		73,49	pomme verte, pomme, pêc...	3180	fruit d'arbre fruitier	agrume, citron, pamplem...	2428	agrume	brioche, pain grillé, b...	2380	Vieillissement																						
111427	Famille Perrin Côtes-du-Rhône Réserve Rouge	https://www.vivino.com/CA/fr/wines/1516778	https://images.vivino.com/thumbs/bXDqBx_JSRGwzMKfGvtF9Q_pb_300x300.png	3,7		27,99	cerise, framboise, frui...	1781	fruit rouge	mûre, prune, cerise noi...	1313	fruit noir	Terreux, cuir, fumée	1046	Terreux																						
111428	Ogier Clos de l'Oratoire des Papes Châteauneuf-du-Pape	https://www.vivino.com/US-NY/fr/wines/1471275	https://images.vivino.com/thumbs/LpnNYH0wRFuXcGQ6UCwyAw_pb_300x300.png	4,2		84,7	chêne, vanille, chocola...	1363	boisé	cerise, fruit rouge, fr...	1180	fruit rouge	prune, mûre, fruit noir	1099	fruit noir	cuir, Terreux, fumée	809	Terreux																			
111431	Château Léoville Poyferré Saint-Julien (Grand Cru Classé)	https://www.vivino.com/wines/2955658	https://images.vivino.com/thumbs/A5URPSHQSEm3R91WIgvI0Q_pb_300x300.png	4,3			chêne, tabac, cèdre	3260	boisé	cassis, mûre, cassis	2953	fruit noir	cuir, Terreux, fumée	2310	Terreux				117,81																		
111433	Château Gruaud Larose Saint-Julien (Grand Cru Classé)	https://www.vivino.com/BR/fr/wines/1531643	https://images.vivino.com/thumbs/9dJEcnU_RnecZTWYx0Kh3Q_pb_300x300.png	4,3		1,914	tabac, chêne, cèdre	2298	boisé	cuir, Terreux, fumée	2109	Terreux	mûre, cassis, prune	2074	fruit noir																						
111432	Château Léoville Las Cases Saint-Julien (Grand Cru Classé)	https://www.vivino.com/GB/fr/wines/1516739	https://images.vivino.com/thumbs/HMgTa8LGQXGC4MQze0nV7w_pb_300x300.png	4,4		296	tabac, chêne, cèdre	2386	boisé	cassis, cassis, mûre	2147	fruit noir	cuir, Terreux, fumée	2126	Terreux																						
111429	Château Montrose Saint-Estèphe (Grand Cru Classé)	https://www.vivino.com/CA/fr/wines/2175261	https://images.vivino.com/thumbs/O8YKDQAYRECYJloqiCp85g_pb_300x300.png	4,3		359,99	tabac, chêne, cèdre	2786	boisé	cuir, Terreux, fumée	2738	Terreux	fruit noir, cassis, mûr...	2610	fruit noir																						
111430	Château Pétrus Pomerol	https://www.vivino.com/US-VA/fr/wines/1664275	https://images.vivino.com/thumbs/RPhc1fBwT0uLKoE6_mteFQ_pb_300x300.png	4,7		3,999	chocolat, tabac, chêne	856	boisé	cuir, Terreux, fumée	630	Terreux	prune, fruit noir, ceri...	576	fruit noir																						
111436	Chateau Palmer Grand Vin de Château Palmer (Grand Cru Classé)	https://www.vivino.com/wines/1510827	https://images.vivino.com/thumbs/PthycJJ7RYu0-S0vFHDeUA_pb_300x300.png	4,5		10,429	tabac, chêne, cèdre	2251	boisé	cuir, Terreux, fumée	1989	Terreux	cassis, mûre, cassis	1980	fruit noir				10429																		
111435	Taittinger Comtes de Champagne Blanc de Blancs	https://www.vivino.com/HK/fr/wines/1354791	https://images.vivino.com/thumbs/kPJzCwsqT72d4v2vEgDdXQ_pb_300x300.png	4,5		1,251	brioche, pain grillé, g...	1973	Vieillissement	agrume, citron, pamplem...	1584	agrume	pomme, poire, pomme ver...	1517	fruit d'arbre fruitier	miel, minéraux, fumée	1159	Terreux																			
111438	Laurent-Perrier La Cuvée Brut Champagne	https://www.vivino.com/US-NY/fr/wines/164943434	https://images.vivino.com/thumbs/MYK1MWwURlWiiVcibYOG2Q_pb_300x300.png	4,1		70,62	agrume, citron, pamplem...	3113	agrume	pomme, pomme verte, poi...	2834	fruit d'arbre fruitier	brioche, pain grillé, b...	2196	Vieillissement																						
111437	Château Cantemerle Haut-Médoc (Grand Cru Classé)	https://www.vivino.com/US-NY/fr/wines/2220216	https://images.vivino.com/thumbs/-wgkyqqdSlale-QuBEu6Hg_pb_300x300.png	4		45,14	cassis, mûre, cassis	2640	fruit noir	chêne, tabac, vanille	2551	boisé	cuir, Terreux, fumée	1777	Terreux																						
111434	Château Lagrange Saint-Julien (Grand Cru Classé)	https://www.vivino.com/US-NY/fr/wines/1559408	https://images.vivino.com/thumbs/FirSW6H4TXiC3YM7Rt62Og_pb_300x300.png	4,1		75	chêne, tabac, cèdre	2229	boisé	mûre, cassis, cassis	2223	fruit noir	cuir, Terreux, fumée	1519	Terreux																						
111439	Château Lascombes Margaux (Grand Cru Classé)	https://www.vivino.com/CA/fr/wines/1487434	https://images.vivino.com/thumbs/aZzpef4FSYiJ8l5hJz7Hcg_pb_300x300.png	4,3		144,99	chêne, tabac, chocolat	1912	boisé	fruit noir, mûre, cassi...	1702	fruit noir	cuir, Terreux, fumée	1386	Terreux																						
111440	Pol Roger Réserve Brut Champagne	https://www.vivino.com/US-NY/fr/wines/164942767	https://images.vivino.com/thumbs/wJK6sKFxROu5fM0-LTSj8g_pb_300x300.png	4,2		81,95	pomme, pomme verte, poi...	3144	fruit d'arbre fruitier	brioche, pain grillé, b...	2520	Vieillissement	agrume, citron, citron ...	2249	agrume																						
111444	Bollinger La Grande Année Brut Champagne	https://www.vivino.com/US-NY/fr/wines/1512116	https://images.vivino.com/thumbs/wkPlwtLNTZ-okRbgGP_rNg_pb_300x300.png	4,5		225,12	brioche, pain grillé, a...	2032	Vieillissement	pomme, poire, pêche	1756	fruit d'arbre fruitier	agrume, citron, pamplem...	1042	agrume	miel, minéraux, noyau	1037	Terreux		chêne, beurre, vanille	1021	boisé															
111441	Clarendelle Bordeaux	https://www.vivino.com/US-NY/fr/wines/2858661	https://images.vivino.com/thumbs/aqdVKvNNR_-O9G9KpnyjiA_pb_300x300.png	3,7		23,48	chêne, tabac, vanille	918	boisé	mûre, prune, cassis	841	fruit noir	cuir, Terreux, fumée	573	Terreux																						
111442	Château Ducru-Beaucaillou Saint-Julien (Grand Cru Classé)	https://www.vivino.com/US-VA/fr/wines/1928615	https://images.vivino.com/thumbs/HqFSCd0qS8avvBF6R9v56w_pb_300x300.png	4,4		280,88	tabac, cèdre, chêne	2226	boisé	cuir, Terreux, fumée	2061	Terreux	cassis, mûre, cassis	1910	fruit noir																						
111443	Château Chasse-Spleen Moulis-en-Médoc	https://www.vivino.com/US-VA/fr/wines/1666718	https://images.vivino.com/thumbs/wG83ssYIQ7mdLw3qY5PWLA_pb_300x300.png	4		39,92	mûre, cassis, cassis	1677	fruit noir	chêne, tabac, vanille	1507	boisé	cuir, Terreux, fumée	1073	Terreux																						
111448	Pol Roger Extra Cuvée de Réserve Brut Champagne	https://www.vivino.com/CA/fr/wines/170585026	https://images.vivino.com/thumbs/cnzougT3Ssaxj0ekReTY-w_pb_300x300.png	4,4			brioche, goût de noiset...	8	Vieillissement	beurre, caramel, pâte à...	5	boisé							152,44																		
111446	Château Cheval Blanc Saint-Émilion Grand Cru (Premier Grand Cru Classé)	https://www.vivino.com/US-VA/fr/wines/1531393	https://images.vivino.com/thumbs/Iy-wRhQ6T9egtIYlTDhrKg_pb_300x300.png	4,6		952,49	tabac, chêne, chocolat	1533	boisé	cuir, Terreux, fumée	1287	Terreux	prune, fruit noir, mûre	1159	fruit noir																						
111445	Louis Jadot Bourgogne Couvent des Jacobins	https://www.vivino.com/US-VA/fr/wines/1469154	https://images.vivino.com/thumbs/rGP_6ONCSRClwOj_HBFdtw_pb_300x300.png	3,6		26,76	fraise, cerise, framboi...	1378	fruit rouge																												
111447	Château d'Armailhac Pauillac (Grand Cru Classé)	https://www.vivino.com/US-NY/fr/wines/1474322	https://images.vivino.com/thumbs/Xa4l7CUiTzSBwp025RSaig_pb_300x300.png	4,1		80	chêne, tabac, cèdre	2190	boisé	cassis, mûre, cassis	2043	fruit noir	cuir, Terreux, fumée	1710	Terreux																						
111452	Château Batailley Pauillac (Grand Cru Classé)	https://www.vivino.com/GB/fr/wines/1504696	https://images.vivino.com/thumbs/JIBY4cJ6SAij5F42yRHtAA_pb_300x300.png	4,2		54,97	chêne, tabac, cèdre	2702	boisé	cassis, cassis, mûre	2465	fruit noir	cuir, Terreux, fumée	2020	Terreux																						
111449	Château Gloria Saint-Julien	https://www.vivino.com/CA/fr/wines/1558095	https://images.vivino.com/thumbs/6KT2awLuSQW-BQIvA8hOrg_pb_300x300.png	4,1		134,99	chêne, tabac, cèdre	2057	boisé	mûre, prune, cassis	2015	fruit noir	cuir, Terreux, fumée	1594	Terreux																						
111450	Château Sociando-Mallet Haut-Médoc	https://www.vivino.com/US-VA/fr/wines/2743976	https://images.vivino.com/thumbs/BlR4T429TiKR6WibGL9VxQ_pb_300x300.png	4,1		57,49	tabac, chêne, cèdre	1588	boisé	cassis, cassis, mûre	1567	fruit noir	cuir, Terreux, fumée	1435	Terreux																						
111454	La Vieille Ferme Rosé	https://www.vivino.com/DE/fr/wines/1524031	https://images.vivino.com/thumbs/R2UZlQseRbe4LsWg50L3Lg_pb_300x300.png	3,6		7,95	fraise, framboise, past...	1437	fruit rouge	agrume, pamplemousse, c...	862	agrume																									
111451	Château Brane-Cantenac Margaux (Grand Cru Classé)	https://www.vivino.com/US-VA/fr/wines/1477151	https://images.vivino.com/thumbs/cSHAXbDHTvysN7LNLnssZg_pb_300x300.png	4,2		97,25	chêne, tabac, cèdre	1775	boisé	cassis, mûre, fruit noi...	1576	fruit noir	cuir, Terreux, fumée	1418	Terreux																						
111453	Paul Jaboulet Aîné Parallèle 45 Côtes du Rhône Rouge Bio	https://www.vivino.com/CA/fr/wines/3074910	https://images.vivino.com/thumbs/AWen2wn-Q1Ok9d2bSofHng_pb_300x300.png	3,6		29,99	cerise, fraise, framboi...	984	fruit rouge	mûre, prune, myrtille	718	fruit noir	chêne, vanille, chocola...	632	boisé	cuir, Terreux, fumée	532	Terreux																			
111457	Château Mont-Redon Vignoble Abeille Châteauneuf-du-Pape	https://www.vivino.com/US-NY/fr/wines/22350816	https://images.vivino.com/thumbs/ac96UiSRT0C8ZUmY1A-Lbw_pb_300x300.png	4,2			chêne, vanille, tabac	1131	boisé	cuir, Terreux, fumée	778	Terreux	cerise, framboise, frui...	702	fruit rouge				49,38																		
111458	Château Calon-Ségur Saint-Estèphe (Grand Cru Classé)	https://www.vivino.com/BR/fr/wines/1513288	https://images.vivino.com/thumbs/fmI0LPDNRKCvTFUurToCAQ_pb_300x300.png	4,3			tabac, chêne, cèdre	2061	boisé	cuir, Terreux, fumée	1859	Terreux	cassis, cassis, mûre	1757	fruit noir				1154,98																		
111455	E. Guigal Côtes-du-Rhône Blanc	https://www.vivino.com/US-NY/fr/wines/1508157	https://images.vivino.com/thumbs/kv9ZSp2oTLu_c5G_xnS73w_pb_300x300.png	3,6		10,99	pêche, abricot, poire	1644	fruit d'arbre fruitier	minéraux, miel, noyau	904	Terreux																									
111456	M. Chapoutier Belleruche Côtes-du-Rhône	https://www.vivino.com/US-NY/fr/wines/1497268	https://images.vivino.com/thumbs/C671FPrhRK-2FwzFX84bxw_pb_300x300.png	3,7		16,67	cerise, framboise, frui...	1519	fruit rouge	mûre, prune, fruit noir	1164	fruit noir	Terreux, cuir, fumée	967	Terreux																						
111460	Baron de Lestac Bordeaux (Élevé en Fûts de Chêne)	https://www.vivino.com/CA/fr/wines/2296848	https://images.vivino.com/thumbs/I_qmgJIjRmGWWSA1Fc20SQ_pb_300x300.png	3,6			chêne, vanille, chocola...	502	boisé	mûre, prune, cassis	278	fruit noir							9,36																		
111464	Château Rieussec Sauternes (Premier Grand Cru Classé)	https://www.vivino.com/wines/1540069	https://images.vivino.com/thumbs/GLDZbRToRi2xzwbPee2Y1g_pb_300x300.png	4,4			miel, gingembre, noyau	1899	Terreux	abricot, pêche, pomme	1736	fruit d'arbre fruitier	marmelade, orange, agru...	1121	agrume	caramel, vanille, chêne	1074	boisé	71,31																		
111459	Château La Nerthe Châteauneuf-du-Pape	https://www.vivino.com/US-NY/fr/wines/1519132	https://images.vivino.com/thumbs/olYy8AhBRTCjWyeyFVAWXA_pb_300x300.png	4,2		80,32	chêne, vanille, tabac	1216	boisé	mûre, prune, fruit noir	1133	fruit noir	cuir, Terreux, fumée	887	Terreux	cerise, fruit rouge, fr...	664	fruit rouge																			
111461	Ruinart Brut (R de Ruinart) Champagne	https://www.vivino.com/US-VA/fr/wines/1782659	https://images.vivino.com/thumbs/OtiVflrBQWiLs0TGB3vlbg_pb_300x300.png	4,3			pomme, poire, pomme ver...	1189	fruit d'arbre fruitier	brioche, pain grillé, a...	1070	Vieillissement	agrume, citron, citron ...	670	agrume																						
111462	Château Pape Clément Pessac-Léognan (Grand Cru Classé de Graves)	https://www.vivino.com/US-VA/fr/wines/1654167	https://images.vivino.com/thumbs/c1SE-xBESFirhNw96jwuxw_pb_300x300.png	4,4		120,91	chêne, tabac, vanille	2059	boisé	cuir, fumée, Terreux	1777	Terreux	mûre, fruit noir, cassi...	1775	fruit noir																						
111465	Brotte La Fiole du Pape Père Anselme Châteauneuf-du-Pape	https://www.vivino.com/US-NY/fr/wines/1520645	https://images.vivino.com/thumbs/8zbbia12QMWLq9XRA3QhNQ_pb_300x300.png	4,1		42,99	cuir, Terreux, fumée	825	Terreux	chêne, vanille, chocola...	757	boisé	cerise, fruit rouge, fr...	720	fruit rouge	mûre, prune, fruit noir	558	fruit noir																			
111463	Louis Jadot Beaujolais-Villages	https://www.vivino.com/US-VA/fr/wines/2929392	https://images.vivino.com/thumbs/mJmsDMhORtqBltwWBMSp9g_pb_300x300.png	3,7		14,36	fraise, cerise, framboi...	3105	fruit rouge																												
111468	Ruinart Blanc de Blancs Brut Champagne	https://www.vivino.com/US-VA/fr/wines/164942595	https://images.vivino.com/thumbs/dsrC9WNFQMW92k1ctpXVFA_pb_300x300.png	4,4		116,73	pomme verte, pomme, pêc...	1831	fruit d'arbre fruitier	agrume, citron, citron ...	1584	agrume	brioche, pain grillé, b...	1474	Vieillissement																						
111466	Louis Jadot Bourgogne Chardonnay	https://www.vivino.com/US-VA/fr/wines/1469197	https://images.vivino.com/thumbs/Ym49EmguQyCsnDLXWa-ouA_pb_300x300.png	3,9		19,99	chêne, beurre, vanille	2160	boisé	pomme, pomme verte, poi...	1575	fruit d'arbre fruitier	agrume, citron, pamplem...	1226	agrume																						
111469	Château Lafon-Rochet Saint-Estèphe (Grand Cru Classé)	https://www.vivino.com/wines/3468976	https://images.vivino.com/thumbs/e6-mvrRsRUmbJBro3h5FHA_pb_300x300.png	4,1			cassis, mûre, prune	1635	fruit noir	chêne, tabac, cèdre	1483	boisé	cuir, Terreux, fumée	1339	Terreux				56,9																		
111467	Domaine du Vieux Télégraphe Châteauneuf-du-Pape (La Crau)	https://www.vivino.com/US-NY/fr/wines/1495318	https://images.vivino.com/thumbs/HWS_S99uQfey2mkoAxqRrg_pb_300x300.png	4,3		129,13	cuir, Terreux, fumée	1749	Terreux	tabac, chêne, vanille	1329	boisé	cerise, fruit rouge, fr...	1227	fruit rouge	prune, mûre, fruit noir	1187	fruit noir		poivre, réglisse, canne...	959	épices															
111472	Château Grand-Puy-Lacoste Pauillac (Grand Cru Classé)	https://www.vivino.com/BR/fr/wines/1683575	https://images.vivino.com/thumbs/auhSHa-oSo2t97PddvhhKA_pb_300x300.png	4,3		1,392	tabac, chêne, cèdre	2361	boisé	cassis, mûre, cassis	2159	fruit noir	cuir, Terreux, fumée	1974	Terreux																						
111477	Château Fombrauge Saint-Émilion Grand Cru (Grand Cru Classé)	https://www.vivino.com/wines/148603391	https://images.vivino.com/thumbs/C2C3HL4ZRJeO2mZSoDAVaw_pb_300x300.png	4,1			mûre, prune, cassis	1225	fruit noir	chêne, vanille, chocola...	1169	boisé	cuir, Terreux, fumée	694	Terreux				27,28																		
111475	Château Figeac Saint-Émilion Grand Cru (Premier Grand Cru Classé)	https://www.vivino.com/wines/1953783	https://images.vivino.com/thumbs/HFH3Ek2GR8-b4NyFNRlEYQ_pb_300x300.png	4,4			tabac, chêne, cèdre	1681	boisé	cuir, Terreux, fumée	1429	Terreux	prune, mûre, cassis	1342	fruit noir				182,39																		
111470	G.H. Mumm (Cordon Rouge) Brut Champagne	https://www.vivino.com/US-VA/fr/wines/1469170	https://images.vivino.com/thumbs/s2Ml6K9aT3a4lE3wuGKuiw_pb_300x300.png	3,9		58,99	pomme verte, pomme, poi...	1674	fruit d'arbre fruitier	agrume, citron, pamplem...	1326	agrume	pain grillé, brioche, b...	1063	Vieillissement																						
111471	Trimbach Riesling Alsace	https://www.vivino.com/US-VA/fr/wines/1516614	https://images.vivino.com/thumbs/G8qy3u1eTGGc7l1Pv23azg_pb_300x300.png	3,7		24,29	agrume, citron, citron ...	2301	agrume	pomme verte, pomme, poi...	2034	fruit d'arbre fruitier	minéraux, pétrole, miel	1819	Terreux																						
111474	Château Potensac Médoc	https://www.vivino.com/GB/fr/wines/1646870	https://images.vivino.com/thumbs/GkrFEovWQamDCjtQAlZQ4A_pb_300x300.png	3,9		29,99	tabac, chêne, cèdre	1139	boisé	cassis, cassis, mûre	1125	fruit noir	cuir, Terreux, fumée	854	Terreux																						
111476	Château Smith Haut-Lafitte Pessac-Léognan (Grand Cru Classé)	https://www.vivino.com/GB/fr/wines/1961868	https://images.vivino.com/thumbs/LR-NqLwuSSiLeZMXUwRA9g_pb_300x300.png	4,3		95	chêne, tabac, vanille	2078	boisé	mûre, cassis, cassis	1870	fruit noir	cuir, Terreux, fumée	1619	Terreux																						
111473	Château Beychevelle Saint-Julien (Grand Cru Classé)	https://www.vivino.com/US-NY/fr/wines/2048358	https://images.vivino.com/thumbs/8co6iZt_TA2-Qe2guLjoug_pb_300x300.png	4,3		87,99	tabac, chêne, cèdre	1691	boisé	cassis, mûre, cassis	1531	fruit noir	cuir, Terreux, fumée	1312	Terreux																						
111479	Moët & Chandon Impérial Rosé Brut Champagne	https://www.vivino.com/US-NY/fr/wines/164943024	https://images.vivino.com/thumbs/4OEmLwnyRgqh5FECEPdGCA_pb_300x300.png	4,1		75,99	fraise, framboise, ceri...	1863	fruit rouge																												
111478	Château Suduiraut Sauternes (Premier Grand Cru Classé)	https://www.vivino.com/US-NY/fr/wines/2338674	https://images.vivino.com/thumbs/yyAgH9OpQjKEBxg1N1RBmA_pb_300x300.png	4,3		49,99	miel, gingembre, cire d...	1947	Terreux	abricot, pêche, pomme	1592	fruit d'arbre fruitier	marmelade, orange, zest...	1236	agrume																						
111486	Billecart-Salmon Brut Réserve Champagne	https://www.vivino.com/DE/fr/wines/164943191	https://images.vivino.com/thumbs/JnpuAaslSdOiF4HhODi8Fw_pb_300x300.png	4,2		52	pomme, pomme verte, poi...	2347	fruit d'arbre fruitier	brioche, pain grillé, b...	1649	Vieillissement	agrume, citron, citron ...	1523	agrume																						
111485	Château Laroque Saint-Émilion Grand Cru (Grand Cru Classé)	https://www.vivino.com/GB/fr/wines/1471323	https://images.vivino.com/thumbs/CpPjFZQHQ66dAVGk3zcCXQ_pb_300x300.png	4,1		39,97	chêne, tabac, vanille	988	boisé	prune, mûre, cassis	913	fruit noir	cuir, Terreux, fumée	633	Terreux																						
111480	Château Angelus Saint-Émilion Grand Cru (Premier Grand Cru Classé)	https://www.vivino.com/DE/fr/wines/1766232	https://images.vivino.com/thumbs/mlKhpwLXRZC8CKUdm3JHtQ_pb_300x300.png	4,6		520,5	tabac, chêne, chocolat	1519	boisé	mûre, prune, cassis	1321	fruit noir	cuir, Terreux, fumée	1077	Terreux																						
111483	Domaine de Chevalier Pessac-Léognan (Grand Cru Classé de Graves)	https://www.vivino.com/US-VA/fr/wines/1797722	https://images.vivino.com/thumbs/O4e2DlxNTieRru7u1ymtVw_pb_300x300.png	4,2		101,84	chêne, tabac, vanille	2072	boisé	cassis, mûre, prune	1723	fruit noir	cuir, Terreux, fumée	1601	Terreux																						
111489	Roche Mazet Cuvée Spéciale Cabernet Sauvignon	https://www.vivino.com/US-VA/fr/wines/3238923	https://images.vivino.com/thumbs/RK3f1qxuTgKkqo29NQK2Qg_pb_300x300.png	3,5			vanille, chêne, chocola...	564	boisé										6,7																		
111484	Pommery Royal Brut Champagne	https://www.vivino.com/US-NY/fr/wines/1561557	https://images.vivino.com/thumbs/WfnVh-mmT6aojFb0KebhNg_pb_300x300.png	3,9		58,86	pomme, pomme verte, poi...	1685	fruit d'arbre fruitier	brioche, pain grillé, a...	1220	Vieillissement	agrume, citron, pamplem...	1089	agrume																						
111482	Domaine Lafage Bastide Miraflors Vieilles Vignes Syrah - Grenache	https://www.vivino.com/US-NY/fr/wines/13989677	https://images.vivino.com/thumbs/k3FEAgoCS8GTlOA36BGNlQ_pb_300x300.png	3,8		14,99	mûre, prune, fruit noir	1451	fruit noir	chêne, chocolat, tabac	925	boisé																									
111481	Château Phélan Ségur Saint-Estèphe	https://www.vivino.com/US-NY/fr/wines/2074150	https://images.vivino.com/thumbs/QmQ_cg9ZS_6R1-5zc2XdHw_pb_300x300.png	4,1		67,5	chêne, tabac, vanille	1797	boisé	mûre, cassis, cassis	1755	fruit noir	cuir, Terreux, fumée	1345	Terreux																						
111487	Louis Latour Bourgogne Pinot Noir	https://www.vivino.com/US-VA/fr/wines/1470344	https://images.vivino.com/thumbs/OlQRfPzBR0qG0VlCym74FA_pb_300x300.png	3,7		32,99	cerise, fraise, framboi...	2182	fruit rouge																												
111488	Le Grand Noir Pinot Noir	https://www.vivino.com/US-CA/fr/wines/1564080	https://images.vivino.com/thumbs/MNhz0bUlSU-xtBNNdk2X6A_pb_300x300.png	3,7		16,87	cerise, framboise, frai...	671	fruit rouge																												
111490	Krug Grande Cuvée	https://www.vivino.com/GB/fr/wines/164942599	https://images.vivino.com/thumbs/1_B-5zxOQwubOIpVTSdb5A_pb_300x300.png	4,6		261,5	brioche, pain grillé, a...	3262	Vieillissement	agrume, citron, pamplem...	2051	agrume	pomme, pomme verte, poi...	1808	fruit d'arbre fruitier																						
111491	M. Chapoutier Les Vignes de Bila-Haut Côtes du Roussillon Villages	https://www.vivino.com/GB/fr/wines/1470077	https://images.vivino.com/thumbs/ZST2iFNJQXi_mibvIPvslg_pb_300x300.png	3,7		15,17	mûre, prune, cerise noi...	1063	fruit noir	Terreux, cuir, minéraux	706	Terreux	cerise, framboise, frui...	616	fruit rouge																						
111492	E. Guigal Côte-Rôtie Brune & Blonde de Guigal	https://www.vivino.com/BR/fr/wines/1471892	https://images.vivino.com/thumbs/Vht7jCPnT6awORvBHxdwzA_pb_300x300.png	4,2		1,341	chêne, vanille, tabac	1456	boisé	mûre, prune, fruit noir	1382	fruit noir	cuir, fumée, Terreux	1286	Terreux	poivre, réglisse, poivr...	875	épices																			
111495	Château Duhart-Milon Pauillac (Grand Cru Classé)	https://www.vivino.com/GB/fr/wines/1500807	https://images.vivino.com/thumbs/76TS7V9QTk-BnlSm4K-1UQ_pb_300x300.png	4,3		69	chêne, tabac, cèdre	1634	boisé	cassis, cassis, mûre	1500	fruit noir	cuir, Terreux, fumée	1455	Terreux																						
111496	Château Prieuré-Lichine Margaux (Grand Cru Classé)	https://www.vivino.com/DE/fr/wines/1536962	https://images.vivino.com/thumbs/GsJpF4CYRs6XOy1eJKQVyQ_pb_300x300.png	4,2		44,46	chêne, tabac, cèdre	1480	boisé	mûre, cassis, cassis	1424	fruit noir	cuir, Terreux, fumée	1209	Terreux																						
111494	E. Guigal Châteauneuf-du-Pape	https://www.vivino.com/US-NY/fr/wines/1495119	https://images.vivino.com/thumbs/0nET3qrdRJWh66liEogTSQ_pb_300x300.png	4,1		53,49	cuir, Terreux, fumée	1019	Terreux	chêne, tabac, vanille	970	boisé	prune, mûre, fruit noir	913	fruit noir	cerise, framboise, frui...	715	fruit rouge																			
111497	Deutz Classic Brut Champagne	https://www.vivino.com/CA/fr/wines/164942773	https://images.vivino.com/thumbs/FGf5vHDwSESGx1uMaBcOzQ_pb_300x300.png	4,1		49,99	pomme, pomme verte, poi...	1711	fruit d'arbre fruitier	agrume, citron, pamplem...	1317	agrume	brioche, pain grillé, a...	1298	Vieillissement																						
111493	Perrier-Jouët Belle Epoque Brut Champagne	https://www.vivino.com/US-NY/fr/wines/1517638	https://images.vivino.com/thumbs/pVjdFNdWTJCrHAA368zv-w_pb_300x300.png	4,5		249,99	pomme, poire, pomme ver...	1321	fruit d'arbre fruitier	brioche, pain grillé, a...	1002	Vieillissement	agrume, citron, pamplem...	903	agrume	miel, minéraux, noyau	681	Terreux																			
111498	Château Haut-Marbuzet Saint-Estèphe	https://www.vivino.com/US-VA/fr/wines/1855418	https://images.vivino.com/thumbs/gbS3MXGxTSe2CSad0bcueQ_pb_300x300.png	4,2		76,64	chêne, tabac, cèdre	531	boisé	cassis, fruit noir, cas...	513	fruit noir	cuir, Terreux, fumée	467	Terreux																						
111499	Château Branaire-Ducru Saint-Julien (Grand Cru Classé)	https://www.vivino.com/US-VA/fr/wines/1558871	https://images.vivino.com/thumbs/IjUco-lhQ2Gt-pmFt84ZPw_pb_300x300.png	4,1		64,85	chêne, tabac, vanille	1951	boisé	cassis, mûre, cassis	1864	fruit noir	cuir, Terreux, fumée	1402	Terreux																						
111501	Ropiteau Freres Les Plants Nobles Pinot Noir	https://www.vivino.com/US-NY/fr/wines/2153835	https://images.vivino.com/thumbs/Hx6dpufaR3qFaeL40-zNdA_pb_300x300.png	3,6			cerise, framboise, frai...	576	fruit rouge										10,05																		
111502	Maison Saint Aix AIX Rosé	https://www.vivino.com/US-NY/fr/wines/4791219	https://images.vivino.com/thumbs/ARJgd09SQVyL5yQSgZH7Tg_pb_300x300.png	4		25,64	fraise, framboise, past...	1448	fruit rouge	melon, pêche, pomme	737	fruit d'arbre fruitier																									
111500	Château du Tertre Margaux (Grand Cru Classé)	https://www.vivino.com/US-NY/fr/wines/1509827	https://images.vivino.com/thumbs/AueThUKBTJanmDyWnzkHfQ_pb_300x300.png	4,2		63,76	chêne, tabac, vanille	1388	boisé	mûre, fruit noir, prune	1272	fruit noir	cuir, Terreux, fumée	1183	Terreux																						
111503	La Vieille Ferme Blanc	https://www.vivino.com/US-VA/fr/wines/1504427	https://images.vivino.com/thumbs/bis5QT3FRLWUqlHrzuvxJQ_pb_300x300.png	3,5		14,62	pomme verte, pomme, pêc...	727	fruit d'arbre fruitier	agrume, citron, pamplem...	573	agrume	cerise, fraise, fruit r...	371	fruit rouge																						
111505	Château Léoville Las Cases Château du Grand Parc Saint-Julien	https://www.vivino.com/DE/fr/wines/1938926	https://images.vivino.com/thumbs/gMzmFYX9Q-iwAqaFujWNgw_375x500.jpg	4			champignon	1	Terreux	chocolat au lait	1	boisé																									
111504	Château Larose-Trintaudon Haut-Médoc	https://www.vivino.com/wines/1518143	https://images.vivino.com/thumbs/qgGXhX6eTI2u2qRVBJbdSw_pb_300x300.png	3,9			chêne, vanille, tabac	999	boisé	mûre, cassis, cassis	939	fruit noir	cuir, Terreux, fumée	697	Terreux				17																		
111507	Veuve Clicquot La Grande Dame Brut Champagne	https://www.vivino.com/BR/fr/wines/1513886	https://images.vivino.com/thumbs/XRbzL1s9Q_qZwnGZwPXnNA_pb_300x300.png	4,5			brioche, pain grillé, a...	1071	Vieillissement	pomme, poire, abricot	1053	fruit d'arbre fruitier	miel, minéraux, noyau	726	Terreux	agrume, citron, pamplem...	671	agrume	764,99																		
111510	Union de Producteurs de Saint-Émilion Saint-Émilion Grand Cru	https://www.vivino.com/US-NY/fr/wines/4826285	https://images.vivino.com/thumbs/8jZjt_ZPTtiL9ex1qqQnPw_pb_300x300.png	3,7			chêne, tabac, chocolat	554	boisé	prune, cassis, fruit no...	444	fruit noir							16,99																		
111506	Domaine du Tariquet Côtes de Gascogne Premières Grives	https://www.vivino.com/DE/fr/wines/2038243	https://images.vivino.com/thumbs/uVAKhiTLQZq9TcrJEEWVcg_pb_300x300.png	4,1		11	poire, abricot, pomme	382	fruit d'arbre fruitier	miel, minéraux, noyau	226	Terreux																									
111509	Domaine Faiveley Pinot Noir Bourgogne	https://www.vivino.com/US-VA/fr/wines/1498139	https://images.vivino.com/thumbs/Nr_QHTdjR2Gg7jEaaybNng_pb_300x300.png	3,7		45,99	cerise, framboise, frai...	1595	fruit rouge	Terreux, cuir, champign...	820	Terreux																									
111508	Château Rauzan-Ségla Margaux (Grand Cru Classé)	https://www.vivino.com/CA/fr/wines/1491992	https://images.vivino.com/thumbs/Gb2ViEV1Sy6_7YsmFM9iSw_pb_300x300.png	4,3		169,99	chêne, tabac, cèdre	1864	boisé	cassis, mûre, cassis	1700	fruit noir	cuir, Terreux, fumée	1365	Terreux																						
111514	Château Pichon Longueville Comtesse de Lalande Réserve (de la Comtesse) Pauillac	https://www.vivino.com/CA/fr/wines/1851312	https://images.vivino.com/thumbs/8GOQAjMSTxm0So0G-URPXw_pb_300x300.png	4,1			chêne, tabac, vanille	1790	boisé	cassis, mûre, fruit noi...	1587	fruit noir	cuir, Terreux, graphite	1092	Terreux				67,53																		
111517	Château Mont-Redon Vignoble Abeille Châteauneuf-du-Pape	https://www.vivino.com/GB/fr/wines/22350816	https://images.vivino.com/thumbs/ac96UiSRT0C8ZUmY1A-Lbw_pb_300x300.png	4,2			chêne, vanille, tabac	1131	boisé	cuir, Terreux, fumée	778	Terreux	cerise, framboise, frui...	702	fruit rouge				27,52																		
111516	Château La Lagune Haut-Médoc (3éme Grand Cru Classé en 1855)	https://www.vivino.com/US-NY/fr/wines/1994560	https://images.vivino.com/thumbs/c0SRyjlgQuiMHQxL2PgwqA_pb_300x300.png	4,2		60	tabac, chêne, chocolat	1119	boisé	cassis, mûre, cassis	1014	fruit noir	cuir, Terreux, fumée	947	Terreux																						
111511	Château Clerc Milon Pauillac (Grand Cru Classé)	https://www.vivino.com/US-NY/fr/wines/1496040	https://images.vivino.com/thumbs/EXWfBa0WQJyv7rwSGDh-xQ_pb_300x300.png	4,2		125,47	chêne, tabac, cèdre	1667	boisé	mûre, cassis, cassis	1516	fruit noir	cuir, Terreux, fumée	1288	Terreux																						
111512	Château Poujeaux Moulis-en-Médoc	https://www.vivino.com/US-NY/fr/wines/2371181	https://images.vivino.com/thumbs/NH7nJ_fkShSeDyBXmdoGHw_pb_300x300.png	4		40,99	mûre, cassis, cassis	1164	fruit noir	chêne, tabac, cèdre	1142	boisé	cuir, Terreux, fumée	852	Terreux																						
111518	Louis Jadot Beaujolais-Villages Combe aux Jacques	https://www.vivino.com/wines/1469051	https://images.vivino.com/thumbs/QbvQLy6HRm6d0NYsY7UvSg_pb_300x300.png	3,7			fraise, cerise, framboi...	1993	fruit rouge										13,42																		
111519	Pol Roger Sir Winston Churchill Brut Champagne	https://www.vivino.com/wines/2750334	https://images.vivino.com/thumbs/HlLhUWbyTfupk59rOtNM-g_pb_300x300.png	4,6			brioche, pain grillé, a...	1325	Vieillissement	pomme, pomme verte, abr...	988	fruit d'arbre fruitier	agrume, citron, pamplem...	818	agrume	miel, minéraux, noyau	739	Terreux	209,84																		
111513	Domaine Marcel Lapierre Morgon	https://www.vivino.com/US-VA/fr/wines/1942378	https://images.vivino.com/thumbs/52QQCh_mTeqHcqbgTPcDMw_pb_300x300.png	4,1		44,09	cerise, fraise, framboi...	2308	fruit rouge																												
111515	E. Guigal Crozes-Hermitage Rouge	https://www.vivino.com/CA/fr/wines/1486552	https://images.vivino.com/thumbs/XrTk3PePS5q03QALT-mZFA_pb_300x300.png	3,8		48,99	mûre, prune, fruit noir	1258	fruit noir	chêne, vanille, tabac	1010	boisé	cuir, Terreux, fumée	885	Terreux	poivre, réglisse, poivr...	800	épices																			
111520	Prévoteau-Perrier Krusador Kasimir Vidit Nox Brut Champagne	https://www.vivino.com/US-VA/fr/wines/19311462	https://images.vivino.com/thumbs/hmJ6vxfPRTqUz1xOCsOeNg_375x500.jpg																																		
111521	Moët & Chandon Grand Vintage Brut Champagne	https://www.vivino.com/US-NY/fr/wines/1779921	https://images.vivino.com/thumbs/J9XDqBo2TRS0ZgXLMXZMbQ_pb_300x300.png	4,2		132,12	brioche, pain grillé, a...	1023	Vieillissement	pomme, poire, pêche	1004	fruit d'arbre fruitier	agrume, citron, citron ...	674	agrume																						
111525	Charles Heidsieck Brut Réserve	https://www.vivino.com/GB/fr/wines/1655483	https://images.vivino.com/thumbs/YH25LjjhTqSG0niNiJmS9A_pb_300x300.png	4,2		56,38	brioche, pain grillé, g...	2879	Vieillissement	pomme, pomme verte, poi...	2336	fruit d'arbre fruitier	agrume, citron, pamplem...	1869	agrume																						
111523	Château Guiraud Sauternes (Premier Grand Cru Classé)	https://www.vivino.com/wines/1526096	https://images.vivino.com/thumbs/seeWxpDkRimnnDRRdUoRDQ_pb_300x300.png	4,3			miel, gingembre, noyau	1724	Terreux	abricot, pêche, pomme	1586	fruit d'arbre fruitier	marmelade, orange, agru...	1096	agrume				51,69																		
111524	Château de Seguin Bordeaux Supérieur	https://www.vivino.com/US-NY/fr/wines/1919127	https://images.vivino.com/thumbs/cGu5XO5wRfWJd8dXwKaxeA_pb_300x300.png	3,6			chêne, vanille, tabac	632	boisé	mûre, prune, cassis	499	fruit noir							11,05																		
111522	Jeff Carrel Les Darons Rouge	https://www.vivino.com/US-VA/fr/wines/3920176	https://images.vivino.com/thumbs/pf8VSiEPRySSTGsUhzpOew_pb_300x300.png	3,8		20,99	prune, fruit noir, mûre	572	fruit noir	Terreux, cuir, minéraux	412	Terreux	cerise, framboise, frui...	378	fruit rouge																						
111526	Lanson Le Black Label Brut Champagne	https://www.vivino.com/wines/1469920	https://images.vivino.com/thumbs/kIebYoiUTQ2hm_EnWzcO8g_pb_300x300.png	3,9			pomme, pomme verte, poi...	1602	fruit d'arbre fruitier	agrume, citron, citron ...	1543	agrume	pain grillé, brioche, b...	1219	Vieillissement																						
111527	Chateau Palmer Alter Ego de Château Palmer	https://www.vivino.com/US-VA/fr/wines/1913011	https://images.vivino.com/thumbs/b1dSJbI2ReSdEk8mVUgVRg_pb_300x300.png	4,3		115	chêne, tabac, vanille	1360	boisé	prune, cassis, mûre	1341	fruit noir	cuir, Terreux, fumée	801	Terreux																						
111529	Grand Theatre Bordeaux Rouge	https://www.vivino.com/US-VA/fr/wines/1500099	https://images.vivino.com/thumbs/KceBjK0MTQ6tEQ3tTKcC8A_pb_300x300.png	3,6		13,99	vanille, chêne, tabac	59	boisé	cerise, fraise, framboi...	48	fruit rouge	mûre, prune, fruit noir	31	fruit noir				13,99																		
111528	Château Lagrange Les Fiefs de Lagrange Saint-Julien	https://www.vivino.com/US-VA/fr/wines/2315248	https://images.vivino.com/thumbs/oP7cxDR7RuuCG-izh2LPdw_pb_300x300.png	3,9		40	mûre, cassis, cassis	820	fruit noir	chêne, vanille, tabac	750	boisé	cuir, Terreux, fumée	460	Terreux																						
111530	Château Simard Saint-Émilion Grand Cru	https://www.vivino.com/US-VA/fr/wines/154743995	https://images.vivino.com/thumbs/uFuWYCUaRmiV33_xdkW-QQ_pb_300x300.png	3,9		34,33	cuir, Terreux, champign...	1046	Terreux	chêne, tabac, vanille	933	boisé	prune, mûre, cassis	741	fruit noir																						
111533	Château de Beaucastel Coudoulet de Beaucastel Côtes-du-Rhône	https://www.vivino.com/GB/fr/wines/1485632	https://images.vivino.com/thumbs/5pJsErx3SoqFW516HlESGA_pb_300x300.png	4		27	prune, mûre, fruit noir	1191	fruit noir	cerise, framboise, frui...	1068	fruit rouge	cuir, Terreux, fumée	901	Terreux	chêne, vanille, tabac	704	boisé		poivre, réglisse, canne...	603	épices															
111535	Veuve Clicquot Brut Rosé Champagne	https://www.vivino.com/US-LA/fr/wines/1487195	https://images.vivino.com/thumbs/og6OWOYFRIyxkz4AibHjLw_pb_300x300.png	4,3		86,02	fraise, framboise, ceri...	1936	fruit rouge																												
111531	Château La Tour Carnet Haut-Médoc (Grand Cru Classé)	https://www.vivino.com/US-NY/fr/wines/1537173	https://images.vivino.com/thumbs/qqye-nZ0SGu3qtZTm7XF-g_pb_300x300.png	4		50,39	mûre, prune, cassis	1175	fruit noir	chêne, vanille, tabac	1066	boisé	cuir, Terreux, fumée	667	Terreux																						
111534	Louis Latour Domaine de Valmoissine Pinot Noir	https://www.vivino.com/US-VA/fr/wines/1469992	https://images.vivino.com/thumbs/RLiM2R2WRQ2X_F582G6BLw_pb_300x300.png	3,7		20,34	cerise, framboise, frai...	1310	fruit rouge	Terreux, cuir, champign...	853	Terreux																									
111536	Château Citran Haut-Médoc	https://www.vivino.com/DE/fr/wines/3003572	https://images.vivino.com/thumbs/CGKg4gQvRwyksQwr21iNfQ_pb_300x300.png	3,9		16,37	mûre, cassis, cassis	895	fruit noir	chêne, tabac, vanille	756	boisé	cuir, Terreux, champign...	597	Terreux																						
111532	Château Lynch-Moussas Pauillac (Grand Cru Classé)	https://www.vivino.com/US-NY/fr/wines/1967623	https://images.vivino.com/thumbs/GU9wZtYgS8qsy89bdIQJqQ_pb_300x300.png	4,1		59,74	chêne, tabac, cèdre	1522	boisé	cassis, mûre, cassis	1250	fruit noir	cuir, Terreux, fumée	1082	Terreux																						
111537	Château Haut-Bages Libéral Pauillac (Grand Cru Classé)	https://www.vivino.com/US-NY/fr/wines/1827380	https://images.vivino.com/thumbs/JOiOnT_uRpOGso1eE5ikEA_pb_300x300.png	4,1		68,99	chêne, tabac, cèdre	1378	boisé	cassis, cassis, mûre	1283	fruit noir	cuir, Terreux, fumée	940	Terreux																						
111538	Gérard Bertrand Grand Terroir Tautavel Grenache - Syrah - Carignan	https://www.vivino.com/US-NY/fr/wines/1521750	https://images.vivino.com/thumbs/B2MBVWI0SYCRo1AURRfFqQ_pb_300x300.png	3,7		13,99	mûre, prune, fruit noir	604	fruit noir	Terreux, cuir, fumée	378	Terreux	chêne, vanille, chocola...	365	boisé																						
111542	Louis Jadot Pouilly-Fuissé	https://www.vivino.com/wines/1469002	https://images.vivino.com/thumbs/7eKdgCxcQFeHe3gxO32etQ_pb_300x300.png	4,1			chêne, beurre, vanille	1589	boisé	pomme, poire, pomme ver...	1436	fruit d'arbre fruitier	agrume, citron, pamplem...	1272	agrume				24,99																		
111544	Ruinart Dom Ruinart Blanc de Blancs Brut Champagne	https://www.vivino.com/BR/fr/wines/1926780	https://images.vivino.com/thumbs/Jzi1x0YNQj-CpxuRl7b69Q_pb_300x300.png	4,5			brioche, pain grillé, a...	771	Vieillissement	pomme, poire, pomme ver...	586	fruit d'arbre fruitier	agrume, citron, citron ...	531	agrume	miel, minéraux, noyau	398	Terreux	410,01																		
111539	Château Rauzan-Ségla Margaux (Grand Cru Classé)	https://www.vivino.com/US-NY/fr/wines/1491992	https://images.vivino.com/thumbs/Gb2ViEV1Sy6_7YsmFM9iSw_pb_300x300.png	4,3		94,95	chêne, tabac, cèdre	1864	boisé	cassis, mûre, cassis	1700	fruit noir	cuir, Terreux, fumée	1365	Terreux																						
111540	Château Kirwan Margaux (Grand Cru Classé)	https://www.vivino.com/US-VA/fr/wines/1488914	https://images.vivino.com/thumbs/O_DIr339Tq2gbZSZnUJ5yQ_pb_300x300.png	4,2		64,92	mûre, cassis, fruit noi...	1398	fruit noir	chêne, tabac, vanille	1263	boisé	cuir, Terreux, fumée	933	Terreux																						
111541	Hugel Gentil	https://www.vivino.com/US-NY/fr/wines/1469338	https://images.vivino.com/thumbs/KIRV2AfVTQOVJP_9pnCkIA_pb_300x300.png	3,8		19,92	poire, pomme, pomme ver...	1634	fruit d'arbre fruitier	agrume, citron, pamplem...	1048	agrume	minéraux, miel, noyau	832	Terreux																						
111543	Billecart-Salmon Brut Rosé Champagne	https://www.vivino.com/CA/fr/wines/164942610	https://images.vivino.com/thumbs/MbWko9RgT5eC7w-rzG_kyg_pb_300x300.png	4,4			fraise, framboise, frui...	2149	fruit rouge	agrume, pamplemousse, c...	1120	agrume																									
111545	Château Angludet Margaux	https://www.vivino.com/US-VA/fr/wines/3585958	https://images.vivino.com/thumbs/pVKkmNOrSGidtFrM2Q9GAg_pb_300x300.png	4,2		59,99	cassis, mûre, cassis	1022	fruit noir	chêne, tabac, vanille	922	boisé	cuir, Terreux, fumée	671	Terreux																						
111546	Nicolas Feuillatte Réserve Exclusive Brut Champagne	https://www.vivino.com/US-NY/fr/wines/157213587	https://images.vivino.com/thumbs/SmS1wx9qTseVBOpR2FkJfQ_pb_300x300.png	3,9		46,19	pomme, poire, pomme ver...	2243	fruit d'arbre fruitier	agrume, citron, pamplem...	1211	agrume	brioche, pain grillé, a...	1195	Vieillissement																						
111550	JP. Chenet Original Merlot	https://www.vivino.com/wines/14709925	https://images.vivino.com/thumbs/rTcwk9oySfOxKgWiNqPkpQ_pb_300x300.png	3,5			prune, fruit noir, cass...	246	fruit noir	chocolat, chêne, vanill...	155	boisé							6,64																		
111549	Château Carbonnieux Pessac-Léognan Blanc (Grand Cru Classé de Graves)	https://www.vivino.com/US-NY/fr/wines/4721882	https://images.vivino.com/thumbs/8yNCqVHeSlyXsxZjUZ6kxA_pb_300x300.png	4,1		33,33	agrume, citron, pamplem...	1174	agrume	pêche, poire, pomme	897	fruit d'arbre fruitier	chêne, vanille, beurre	797	boisé	minéraux, miel, noyau	722	Terreux																			
111552	Château de Camensac Haut-Médoc (Grand Cru Classé)	https://www.vivino.com/US-LA/fr/wines/1514630	https://images.vivino.com/thumbs/UjZRUXPMRMqgBAqVE3ktag_pb_300x300.png	3,9		45	chêne, tabac, vanille	923	boisé	mûre, cassis, prune	840	fruit noir	cuir, Terreux, fumée	521	Terreux																						
111551	Louis Bouillot Perle de Vigne Grande Reserve Crémant de Bourgogne Brut	https://www.vivino.com/US-NY/fr/wines/164943159	https://images.vivino.com/thumbs/IpX123u8TYKsij6iN0Ft-Q_pb_300x300.png	3,8			pomme, poire, pomme ver...	1103	fruit d'arbre fruitier	agrume, citron, pamplem...	698	agrume																									
111553	Château Cantenac Brown Margaux (Grand Cru Classé)	https://www.vivino.com/US-LA/fr/wines/1568557	https://images.vivino.com/thumbs/U3U6Q9xfRvaPObtjvvlE2g_pb_300x300.png	4,2		72,44	chêne, vanille, tabac	1381	boisé	mûre, cassis, prune	1305	fruit noir	cuir, Terreux, fumée	866	Terreux																						
111547	Château Labégorce Margaux	https://www.vivino.com/wines/1581213	https://images.vivino.com/thumbs/NoFlajqYSZWkVxWl3Y0TrQ_pb_300x300.png	4			mûre, cassis, cassis	836	fruit noir	chêne, tabac, cèdre	785	boisé	cuir, Terreux, fumée	574	Terreux				39,19																		
111555	Château Lanessan Haut-Médoc	https://www.vivino.com/DE/fr/wines/1502553	https://images.vivino.com/thumbs/YUVZjvF5SMqGX09XH4ztHw_pb_300x300.png	3,8		16,68	mûre, cassis, prune	1079	fruit noir	chêne, tabac, cèdre	1026	boisé	cuir, Terreux, fumée	860	Terreux																						
111557	Château Margaux Pavillon Rouge du Château Margaux	https://www.vivino.com/wines/1488681	https://images.vivino.com/thumbs/IKYGOPzNQgW34bK7oGA31A_pb_300x300.png	4,4			chêne, tabac, cèdre	894	boisé	cassis, mûre, cassis	688	fruit noir	cuir, Terreux, fumée	581	Terreux				211,1																		
111554	Famille Perrin Châteauneuf-du-Pape Les Sinards Rouge	https://www.vivino.com/US-VA/fr/wines/2734481	https://images.vivino.com/thumbs/uUi_lxNtQLeNjbNCF2tRiQ_pb_300x300.png	4,1		57,74	cerise, fruit rouge, fr...	1095	fruit rouge	chêne, vanille, tabac	942	boisé	cuir, Terreux, fumée	773	Terreux	prune, mûre, fruit noir	699	fruit noir																			
111556	Château Ormes de Pez Saint-Estèphe	https://www.vivino.com/US-NY/fr/wines/2096768	https://images.vivino.com/thumbs/OCA_rLCARYmUiDWOAaZw9w_pb_300x300.png	4		45,83	mûre, cassis, cassis	1251	fruit noir	chêne, tabac, vanille	1163	boisé	cuir, Terreux, fumée	931	Terreux																						
111561	Château Carbonnieux Pessac-Léognan Blanc (Grand Cru Classé de Graves)	https://www.vivino.com/GB/fr/wines/4721882	https://images.vivino.com/thumbs/8yNCqVHeSlyXsxZjUZ6kxA_pb_300x300.png	4,1		46,2	agrume, citron, pamplem...	1174	agrume	pêche, poire, pomme	897	fruit d'arbre fruitier	chêne, vanille, beurre	797	boisé	minéraux, miel, noyau	722	Terreux																			
111558	Pegau Cuvée Réservée Châteauneuf-du-Pape Rouge	https://www.vivino.com/CA/fr/wines/1516357	https://images.vivino.com/thumbs/Gd7ZUhxrQqSzdXc3yk5rKw_pb_300x300.png	4,2		124,99	cuir, Terreux, fumée	1652	Terreux	mûre, prune, fruit noir	1179	fruit noir	tabac, chêne, chocolat	1052	boisé																						
111560	Château Malescot St. Exupery Margaux (Grand Cru Classé)	https://www.vivino.com/DE/fr/wines/1525102	https://images.vivino.com/thumbs/FLhGFvXxSb6bRfebuha08g_pb_300x300.png	4,2		63,58	chêne, tabac, chocolat	1400	boisé	mûre, prune, fruit noir	1313	fruit noir	cuir, Terreux, fumée	1096	Terreux																						
111565	Joseph Drouhin Drouhin - Vaudon Chablis Réserve De Vaudon	https://www.vivino.com/GB/fr/wines/1504756	https://images.vivino.com/thumbs/bwf7Dd_rQt6UWj7RSqAVxA_pb_300x300.png	4			agrume, citron, citron ...	1241	agrume	pomme verte, poire, pom...	1135	fruit d'arbre fruitier	minéraux, miel, noyau	939	Terreux				13,82																		
111562	Louis Roederer Rosé Brut Champagne (Vintage)	https://www.vivino.com/DE/fr/wines/1609962	https://images.vivino.com/thumbs/gf5NnzjVTU283WvkoMBU3A_pb_300x300.png	4,3		49,9	fraise, framboise, ceri...	1132	fruit rouge	agrume, pamplemousse, o...	700	agrume	brioche, pain grillé, a...	628	Vieillissement																						
111559	Clos des Papes (Paul Avril) Châteauneuf-du-Pape	https://www.vivino.com/US-NY/fr/wines/1698538	https://images.vivino.com/thumbs/bJFGrX_RQum75x3mGcoUgg_pb_300x300.png	4,4		99	prune, mûre, fruit noir	950	fruit noir	cerise, framboise, frui...	944	fruit rouge	chêne, tabac, vanille	865	boisé	cuir, Terreux, fumée	787	Terreux		poivre, réglisse, canne...	678	épices															
111563	Château Pavie Saint-Émilion Grand Cru (Premier Grand Cru Classé)	https://www.vivino.com/US-NY/fr/wines/3335129	https://images.vivino.com/thumbs/uR706Yt5RKeKi3-xtL6QHA_pb_300x300.png	4,5		437,5	chêne, tabac, chocolat	1106	boisé	mûre, prune, cassis	900	fruit noir	cuir, Terreux, fumée	746	Terreux																						
111564	Trimbach Riesling Alsace	https://www.vivino.com/US-NY/fr/wines/1516614	https://images.vivino.com/thumbs/G8qy3u1eTGGc7l1Pv23azg_pb_300x300.png	3,7		24,29	agrume, citron, citron ...	2301	agrume	pomme verte, pomme, poi...	2034	fruit d'arbre fruitier	minéraux, pétrole, miel	1819	Terreux																						
111566	Gourmet Pere & Fils Entrecôte Red Blend	https://www.vivino.com/GB/fr/wines/63787138	https://images.vivino.com/thumbs/diVjyPZqTHKKLp0qdtBnVw_pb_300x300.png	3,9		8,99																															
111568	Le Grand Noir Chardonnay	https://www.vivino.com/GB/fr/wines/1925560	https://images.vivino.com/thumbs/EmvlwRGIQ4mLaHSukuB0Kg_pb_300x300.png	4			poire, pomme, pêche	223	fruit d'arbre fruitier	chêne, vanille, beurre	200	boisé	agrume, citron, citron ...	171	agrume				11																		
111567	Andre Clouet Grande Réserve Brut Champagne Grand Cru 'Bouzy'	https://www.vivino.com/US-NY/fr/wines/1481457	https://images.vivino.com/thumbs/aM6tHd2WRlG4I-txTAq0fQ_pb_300x300.png	3,9		54,59																															
111574	Joseph Drouhin Laforet Bourgogne Pinot Noir	https://www.vivino.com/US-VA/fr/wines/1469443	https://images.vivino.com/thumbs/GT4f6t0vRTKXDTX_rNlEFQ_pb_300x300.png	3,7		16,27	framboise, cerise, frui...	1386	fruit rouge										16,27																		
111573	Château Lilian Ladouys Saint-Estèphe	https://www.vivino.com/GB/fr/wines/1585235	https://images.vivino.com/thumbs/OoBzyx1pTj6u8o2Q7_BmMw_pb_300x300.png	3,9		27,2	mûre, prune, cassis	1174	fruit noir	chêne, tabac, vanille	1108	boisé	cuir, Terreux, fumée	816	Terreux																						
111569	Paul Jaboulet Aîné Hermitage La Petite Chapelle	https://www.vivino.com/US-NY/fr/wines/1504602	https://images.vivino.com/thumbs/sEtWZCfkQZCi0x8c_FAIqg_pb_300x300.png	4,3		186,99	mûre, prune, fruit noir	439	fruit noir	chêne, tabac, chocolat	391	boisé	cuir, fumée, Terreux	361	Terreux	poivre, réglisse, herbe...	248	épices																			
111570	Château La Mission Haut-Brion Pessac-Léognan (Grand Cru Classé de Graves)	https://www.vivino.com/CA/fr/wines/2453684	https://images.vivino.com/thumbs/quao9u1ERTK2gC6A1bleig_pb_300x300.png	4,5		749,99	cuir, Terreux, fumée	1327	Terreux	tabac, cèdre, chêne	1178	boisé	cassis, cassis, mûre	987	fruit noir																						
111572	Château Gruaud Larose Sarget de Gruaud Larose Saint-Julien	https://www.vivino.com/US-NY/fr/wines/1532644	https://images.vivino.com/thumbs/z3yW0QEyS7aDqnqoUveKZQ_pb_300x300.png	4		43,33	chêne, tabac, cèdre	880	boisé	cassis, mûre, cassis	806	fruit noir	cuir, Terreux, fumée	678	Terreux																						
111571	Domaine Jean-Louis Chave Côtes du Rhône Selection Mon Coeur	https://www.vivino.com/US-VA/fr/wines/3346761	https://images.vivino.com/thumbs/vLS_VYtHSQ2AOMYL25iZ8g_pb_300x300.png	3,9		24,86	mûre, prune, fruit noir	1186	fruit noir	Terreux, cuir, fumée	1043	Terreux	poivre, réglisse, poivr...	661	épices																						
111578	Gérard Bertrand Terroir Languedoc (Syrah - Grenache)	https://www.vivino.com/BR/fr/wines/12677696	https://images.vivino.com/thumbs/KyWM96_TSQqWMEeyzmsgDw_pb_300x300.png	3,8			cerise, fruit rouge, fr...	530	fruit rouge	prune, mûre, fruit noir	354	fruit noir	Terreux, cuir, minéraux	320	Terreux				33,97																		